{
	"skin-name": "custom",
	"preview-bg": "#666666",
	"text": "#b5b9bf",
	"text-inverse": "#000000",
	"text-disabled": "#6e737a",
	"has-gradients": true,
	"has-radius": true,
	"has-boxshadow": true,
	"btn-text": "#b5b9bf",
	"btn-text-shadow": "#000000",
	"btn-bg": "#515c67",
	"btn-bg-hlight": "#454f59",
	"btn-border-top": "rgba(32,42,51,1)",
	"btn-border-right": "rgba(32,42,51,1)",
	"btn-border-bottom": "rgba(32,42,51,1)",
	"btn-border-left": "rgba(32,42,51,1)",
	"btn-split-border": "#202a33",
	"btn-primary-text": "#ffffff",
	"btn-primary-text-shadow": "#333333",
	"btn-primary-bg": "#006fa6",
	"btn-primary-bg-hlight": "#005580",
	"menu-bg": "#2f3740",
	"menu-border": "#202a33",
	"menuitem-text": "#dddddd",
	"menuitem-bg-selected": "#006fa6",
	"menuitem-bg-selected-hlight": "#005580",
	"menuitem-separator-top": "#25313f",
	"menuitem-separator-bottom": "#424f5f",
	"menuitem-text-inverse": "#ffffff",
	"menuitem-bg-active": "#0085c7",
	"menuitem-text-active": "#ffffff",
	"menuitem-preview-border-active": "#08608c",
	"checkbox-border": "#202a33",
	"checkbox-border-focus": "#1e7dad",
	"panel-border": "#232b33",
	"panel-bg": "#404952",
	"panel-bg-hlight": "#404952",
	"textbox-bg": "#515c67",
	"textbox-border": "#202a33",
	"textbox-border-focus": "#1e7dad",
	"window-bg": "#404952",
	"window-border": "#9e9e9e",
	"tab-bg": "#303942",
	"tab-bg-hover": "#404952",
	"tab-bg-active": "#404952",
	"tab-border": "#202a33",
	"colorbtn-backcolor-bg": "#384552",
	"grid-border": "#d6d6d6",
	"grid-border-active": "#d6d6d6"
}